[
    {
        "id": "8527bb9e-a05e-4fd9-9aea-323b0f339385",
        "date": "2023-09-06T15:12:26+00:00",
        "level": "notice",
        "message": "Finished publication",
        "context": {
            "publicationId": "3ea50fb5-4a6d-4e25-b64a-4172a03803fd",
            "task": "finish"
        }
    },
    {
        "id": "21efaf93-2e84-4616-9716-04d0528cc6fa",
        "date": "2023-09-06T15:12:26+00:00",
        "level": "notice",
        "message": "Finished post processing",
        "context": {
            "publicationId": "3ea50fb5-4a6d-4e25-b64a-4172a03803fd",
            "task": "post_process",
            "buildId": "5fe6c0e4-ae8c-48a0-88be-333ece2ea163"
        }
    },
    {
        "id": "756ca7e6-bfab-4a1e-960e-39afd77ad119",
        "date": "2023-09-06T15:12:26+00:00",
        "level": "notice",
        "message": "Starting post processing",
        "context": {
            "publicationId": "3ea50fb5-4a6d-4e25-b64a-4172a03803fd",
            "task": "post_process",
            "buildId": "5fe6c0e4-ae8c-48a0-88be-333ece2ea163"
        }
    },
    {
        "id": "9da2de6e-5d26-4c34-857e-f675bd69286f",
        "date": "2023-09-06T15:12:26+00:00",
        "level": "notice",
        "message": "Finished build",
        "context": {
            "publicationId": "3ea50fb5-4a6d-4e25-b64a-4172a03803fd",
            "task": "finish_crawler",
            "buildId": "5fe6c0e4-ae8c-48a0-88be-333ece2ea163"
        }
    },
    {
        "id": "01ec99b6-9b43-43fe-8ff3-dd1fca0cb363",
        "date": "2023-09-06T15:12:26+00:00",
        "level": "notice",
        "message": "Finishing build",
        "context": {
            "publicationId": "3ea50fb5-4a6d-4e25-b64a-4172a03803fd",
            "task": "finish_crawler",
            "buildId": "5fe6c0e4-ae8c-48a0-88be-333ece2ea163"
        }
    },
    {
        "id": "3ebb076a-7bcd-4483-9adc-e5abc3c2eea6",
        "date": "2023-09-06T15:12:26+00:00",
        "level": "notice",
        "message": "Crawling finished for 'http://192.168.29.173/'",
        "context": {
            "publicationId": "3ea50fb5-4a6d-4e25-b64a-4172a03803fd",
            "task": "crawl",
            "buildId": "5fe6c0e4-ae8c-48a0-88be-333ece2ea163"
        }
    },
    {
        "id": "f1660336-abbd-4805-aa47-d68d76a36b60",
        "date": "2023-09-06T15:12:10+00:00",
        "level": "warning",
        "message": "Crawl 'http://192.168.29.173/wp-content/uploads/wpforms/cache/.htaccess' rejected (Client error: `GET http://192.168.29.173/wp-content/uploads/wpforms/cache/.htaccess` resulted in a `403 Forbidden` response:\n<!DOCTYPE HTML PUBLIC \"-//IETF//DTD HTML 2.0//EN\">\n<html><head>\n<title>403 Forbidden</title>\n</head><body>\n<h1>Forbidden (truncated...)\n) (found on )",
        "context": {
            "publicationId": "3ea50fb5-4a6d-4e25-b64a-4172a03803fd",
            "task": "crawl",
            "buildId": "5fe6c0e4-ae8c-48a0-88be-333ece2ea163"
        }
    },
    {
        "id": "78db4820-b1c7-485c-994b-67eb4b154dae",
        "date": "2023-09-06T15:12:10+00:00",
        "level": "warning",
        "message": "Crawl 'http://192.168.29.173/wp-content/uploads/wpforms/cache/index.php' rejected (Client error: `GET http://192.168.29.173/wp-content/uploads/wpforms/cache/index.php` resulted in a `404 Not Found` response) (found on )",
        "context": {
            "publicationId": "3ea50fb5-4a6d-4e25-b64a-4172a03803fd",
            "task": "crawl",
            "buildId": "5fe6c0e4-ae8c-48a0-88be-333ece2ea163"
        }
    },
    {
        "id": "97e16d61-db91-4268-b6a1-26577b926295",
        "date": "2023-09-06T15:12:10+00:00",
        "level": "warning",
        "message": "Crawl 'http://192.168.29.173/wp-content/uploads/wpforms/.htaccess' rejected (Client error: `GET http://192.168.29.173/wp-content/uploads/wpforms/.htaccess` resulted in a `403 Forbidden` response:\n<!DOCTYPE HTML PUBLIC \"-//IETF//DTD HTML 2.0//EN\">\n<html><head>\n<title>403 Forbidden</title>\n</head><body>\n<h1>Forbidden (truncated...)\n) (found on )",
        "context": {
            "publicationId": "3ea50fb5-4a6d-4e25-b64a-4172a03803fd",
            "task": "crawl",
            "buildId": "5fe6c0e4-ae8c-48a0-88be-333ece2ea163"
        }
    },
    {
        "id": "51ba1c06-9c22-4f09-b4bc-f4387b075f3b",
        "date": "2023-09-06T15:11:30+00:00",
        "level": "notice",
        "message": "Crawling started for 'http://192.168.29.173/'",
        "context": {
            "publicationId": "3ea50fb5-4a6d-4e25-b64a-4172a03803fd",
            "task": "crawl",
            "buildId": "5fe6c0e4-ae8c-48a0-88be-333ece2ea163"
        }
    },
    {
        "id": "ee2c6ded-0a54-46d3-828a-bb7bac0c362c",
        "date": "2023-09-06T15:11:30+00:00",
        "level": "notice",
        "message": "Finished initializing crawler (852 enqueued)",
        "context": {
            "publicationId": "3ea50fb5-4a6d-4e25-b64a-4172a03803fd",
            "task": "initialize_crawler",
            "buildId": "5fe6c0e4-ae8c-48a0-88be-333ece2ea163"
        }
    },
    {
        "id": "a0bd5a4e-9605-4ae6-b72f-8947e92f8967",
        "date": "2023-09-06T15:11:28+00:00",
        "level": "notice",
        "message": "Initializing crawler",
        "context": {
            "publicationId": "3ea50fb5-4a6d-4e25-b64a-4172a03803fd",
            "task": "initialize_crawler",
            "buildId": "5fe6c0e4-ae8c-48a0-88be-333ece2ea163"
        }
    },
    {
        "id": "c80978ef-d1ad-4535-b193-f55cf0c6fad3",
        "date": "2023-09-06T15:11:28+00:00",
        "level": "notice",
        "message": "Starting publication",
        "context": {
            "publicationId": "3ea50fb5-4a6d-4e25-b64a-4172a03803fd"
        }
    }
]